"NormName","Name","FullName"
"package","package.json","C:\Users\dell\ai-bot-builder\package.json"
"package","package.json","C:\Users\dell\ai-bot-builder\.next\package.json"
"package","package.json","C:\Users\dell\ai-bot-builder\.next\types\package.json"
"tsconfig","tsconfig.json","C:\Users\dell\ai-bot-builder\tsconfig.json"
"tsconfig","tsconfig.json","C:\Users\dell\ai-bot-builder\supabase\functions\send-welcome-email\tsconfig.json"
"vercel","vercel.json","C:\Users\dell\ai-bot-builder\vercel.json"
"vercel","vercel.svg","C:\Users\dell\ai-bot-builder\public\vercel.svg"
"buildmanifest","build-manifest.json","C:\Users\dell\ai-bot-builder\.next\build-manifest.json"
"buildmanifest","_buildManifest.js","C:\Users\dell\ai-bot-builder\.next\static\development\_buildManifest.js"
"0pack","0.pack.gz","C:\Users\dell\ai-bot-builder\.next\cache\webpack\client-development\0.pack.gz"
"0pack","0.pack.gz","C:\Users\dell\ai-bot-builder\.next\cache\webpack\client-development-fallback\0.pack.gz"
"0pack","0.pack.gz","C:\Users\dell\ai-bot-builder\.next\cache\webpack\edge-server-development\0.pack.gz"
"0pack","0.pack.gz","C:\Users\dell\ai-bot-builder\.next\cache\webpack\server-development\0.pack.gz"
"1pack","1.pack.gz","C:\Users\dell\ai-bot-builder\.next\cache\webpack\client-development\1.pack.gz"
"1pack","1.pack.gz","C:\Users\dell\ai-bot-builder\.next\cache\webpack\client-development-fallback\1.pack.gz"
"1pack","1.pack.gz","C:\Users\dell\ai-bot-builder\.next\cache\webpack\edge-server-development\1.pack.gz"
"1pack","1.pack.gz","C:\Users\dell\ai-bot-builder\.next\cache\webpack\server-development\1.pack.gz"
"10pack","10.pack.gz","C:\Users\dell\ai-bot-builder\.next\cache\webpack\client-development\10.pack.gz"
"10pack","10.pack.gz","C:\Users\dell\ai-bot-builder\.next\cache\webpack\server-development\10.pack.gz"
"11pack","11.pack.gz","C:\Users\dell\ai-bot-builder\.next\cache\webpack\client-development\11.pack.gz"
"11pack","11.pack.gz","C:\Users\dell\ai-bot-builder\.next\cache\webpack\server-development\11.pack.gz"
"12pack","12.pack.gz","C:\Users\dell\ai-bot-builder\.next\cache\webpack\client-development\12.pack.gz"
"12pack","12.pack.gz","C:\Users\dell\ai-bot-builder\.next\cache\webpack\server-development\12.pack.gz"
"13pack","13.pack.gz","C:\Users\dell\ai-bot-builder\.next\cache\webpack\client-development\13.pack.gz"
"13pack","13.pack.gz","C:\Users\dell\ai-bot-builder\.next\cache\webpack\server-development\13.pack.gz"
"14pack","14.pack.gz","C:\Users\dell\ai-bot-builder\.next\cache\webpack\client-development\14.pack.gz"
"14pack","14.pack.gz","C:\Users\dell\ai-bot-builder\.next\cache\webpack\server-development\14.pack.gz"
"15pack","15.pack.gz","C:\Users\dell\ai-bot-builder\.next\cache\webpack\client-development\15.pack.gz"
"15pack","15.pack.gz","C:\Users\dell\ai-bot-builder\.next\cache\webpack\server-development\15.pack.gz"
"16pack","16.pack.gz","C:\Users\dell\ai-bot-builder\.next\cache\webpack\client-development\16.pack.gz"
"16pack","16.pack.gz","C:\Users\dell\ai-bot-builder\.next\cache\webpack\server-development\16.pack.gz"
"17pack","17.pack.gz","C:\Users\dell\ai-bot-builder\.next\cache\webpack\client-development\17.pack.gz"
"17pack","17.pack.gz","C:\Users\dell\ai-bot-builder\.next\cache\webpack\server-development\17.pack.gz"
"18pack","18.pack.gz","C:\Users\dell\ai-bot-builder\.next\cache\webpack\client-development\18.pack.gz"
"18pack","18.pack.gz","C:\Users\dell\ai-bot-builder\.next\cache\webpack\server-development\18.pack.gz"
"19pack","19.pack.gz","C:\Users\dell\ai-bot-builder\.next\cache\webpack\client-development\19.pack.gz"
"19pack","19.pack.gz","C:\Users\dell\ai-bot-builder\.next\cache\webpack\server-development\19.pack.gz"
"2pack","2.pack.gz","C:\Users\dell\ai-bot-builder\.next\cache\webpack\client-development\2.pack.gz"
"2pack","2.pack.gz","C:\Users\dell\ai-bot-builder\.next\cache\webpack\edge-server-development\2.pack.gz"
"2pack","2.pack.gz","C:\Users\dell\ai-bot-builder\.next\cache\webpack\server-development\2.pack.gz"
"20pack","20.pack.gz","C:\Users\dell\ai-bot-builder\.next\cache\webpack\client-development\20.pack.gz"
"20pack","20.pack.gz","C:\Users\dell\ai-bot-builder\.next\cache\webpack\server-development\20.pack.gz"
"21pack","21.pack.gz","C:\Users\dell\ai-bot-builder\.next\cache\webpack\client-development\21.pack.gz"
"21pack","21.pack.gz","C:\Users\dell\ai-bot-builder\.next\cache\webpack\server-development\21.pack.gz"
"22pack","22.pack.gz","C:\Users\dell\ai-bot-builder\.next\cache\webpack\client-development\22.pack.gz"
"22pack","22.pack.gz","C:\Users\dell\ai-bot-builder\.next\cache\webpack\server-development\22.pack.gz"
"23pack","23.pack.gz","C:\Users\dell\ai-bot-builder\.next\cache\webpack\client-development\23.pack.gz"
"23pack","23.pack.gz","C:\Users\dell\ai-bot-builder\.next\cache\webpack\server-development\23.pack.gz"
"24pack","24.pack.gz","C:\Users\dell\ai-bot-builder\.next\cache\webpack\client-development\24.pack.gz"
"24pack","24.pack.gz","C:\Users\dell\ai-bot-builder\.next\cache\webpack\server-development\24.pack.gz"
"25pack","25.pack.gz","C:\Users\dell\ai-bot-builder\.next\cache\webpack\client-development\25.pack.gz"
"25pack","25.pack.gz","C:\Users\dell\ai-bot-builder\.next\cache\webpack\server-development\25.pack.gz"
"26pack","26.pack.gz","C:\Users\dell\ai-bot-builder\.next\cache\webpack\client-development\26.pack.gz"
"26pack","26.pack.gz","C:\Users\dell\ai-bot-builder\.next\cache\webpack\server-development\26.pack.gz"
"27pack","27.pack.gz","C:\Users\dell\ai-bot-builder\.next\cache\webpack\client-development\27.pack.gz"
"27pack","27.pack.gz","C:\Users\dell\ai-bot-builder\.next\cache\webpack\server-development\27.pack.gz"
"28pack","28.pack.gz","C:\Users\dell\ai-bot-builder\.next\cache\webpack\client-development\28.pack.gz"
"28pack","28.pack.gz","C:\Users\dell\ai-bot-builder\.next\cache\webpack\server-development\28.pack.gz"
"29pack","29.pack.gz","C:\Users\dell\ai-bot-builder\.next\cache\webpack\client-development\29.pack.gz"
"29pack","29.pack.gz","C:\Users\dell\ai-bot-builder\.next\cache\webpack\server-development\29.pack.gz"
"3pack","3.pack.gz","C:\Users\dell\ai-bot-builder\.next\cache\webpack\client-development\3.pack.gz"
"3pack","3.pack.gz","C:\Users\dell\ai-bot-builder\.next\cache\webpack\server-development\3.pack.gz"
"30pack","30.pack.gz","C:\Users\dell\ai-bot-builder\.next\cache\webpack\client-development\30.pack.gz"
"30pack","30.pack.gz","C:\Users\dell\ai-bot-builder\.next\cache\webpack\server-development\30.pack.gz"
"31pack","31.pack.gz","C:\Users\dell\ai-bot-builder\.next\cache\webpack\client-development\31.pack.gz"
"31pack","31.pack.gz","C:\Users\dell\ai-bot-builder\.next\cache\webpack\server-development\31.pack.gz"
"32pack","32.pack.gz","C:\Users\dell\ai-bot-builder\.next\cache\webpack\client-development\32.pack.gz"
"32pack","32.pack.gz","C:\Users\dell\ai-bot-builder\.next\cache\webpack\server-development\32.pack.gz"
"33pack","33.pack.gz","C:\Users\dell\ai-bot-builder\.next\cache\webpack\client-development\33.pack.gz"
"33pack","33.pack.gz","C:\Users\dell\ai-bot-builder\.next\cache\webpack\server-development\33.pack.gz"
"34pack","34.pack.gz","C:\Users\dell\ai-bot-builder\.next\cache\webpack\client-development\34.pack.gz"
"34pack","34.pack.gz","C:\Users\dell\ai-bot-builder\.next\cache\webpack\server-development\34.pack.gz"
"35pack","35.pack.gz","C:\Users\dell\ai-bot-builder\.next\cache\webpack\client-development\35.pack.gz"
"35pack","35.pack.gz","C:\Users\dell\ai-bot-builder\.next\cache\webpack\server-development\35.pack.gz"
"36pack","36.pack.gz","C:\Users\dell\ai-bot-builder\.next\cache\webpack\client-development\36.pack.gz"
"36pack","36.pack.gz","C:\Users\dell\ai-bot-builder\.next\cache\webpack\server-development\36.pack.gz"
"37pack","37.pack.gz","C:\Users\dell\ai-bot-builder\.next\cache\webpack\client-development\37.pack.gz"
"37pack","37.pack.gz","C:\Users\dell\ai-bot-builder\.next\cache\webpack\server-development\37.pack.gz"
"38pack","38.pack.gz","C:\Users\dell\ai-bot-builder\.next\cache\webpack\client-development\38.pack.gz"
"38pack","38.pack.gz","C:\Users\dell\ai-bot-builder\.next\cache\webpack\server-development\38.pack.gz"
"4pack","4.pack.gz","C:\Users\dell\ai-bot-builder\.next\cache\webpack\client-development\4.pack.gz"
"4pack","4.pack.gz","C:\Users\dell\ai-bot-builder\.next\cache\webpack\server-development\4.pack.gz"
"5pack","5.pack.gz","C:\Users\dell\ai-bot-builder\.next\cache\webpack\client-development\5.pack.gz"
"5pack","5.pack.gz","C:\Users\dell\ai-bot-builder\.next\cache\webpack\server-development\5.pack.gz"
"6pack","6.pack.gz","C:\Users\dell\ai-bot-builder\.next\cache\webpack\client-development\6.pack.gz"
"6pack","6.pack.gz","C:\Users\dell\ai-bot-builder\.next\cache\webpack\server-development\6.pack.gz"
"7pack","7.pack.gz","C:\Users\dell\ai-bot-builder\.next\cache\webpack\client-development\7.pack.gz"
"7pack","7.pack.gz","C:\Users\dell\ai-bot-builder\.next\cache\webpack\server-development\7.pack.gz"
"8pack","8.pack.gz","C:\Users\dell\ai-bot-builder\.next\cache\webpack\client-development\8.pack.gz"
"8pack","8.pack.gz","C:\Users\dell\ai-bot-builder\.next\cache\webpack\server-development\8.pack.gz"
"9pack","9.pack.gz","C:\Users\dell\ai-bot-builder\.next\cache\webpack\client-development\9.pack.gz"
"9pack","9.pack.gz","C:\Users\dell\ai-bot-builder\.next\cache\webpack\server-development\9.pack.gz"
"indexpack","index.pack.gz","C:\Users\dell\ai-bot-builder\.next\cache\webpack\client-development\index.pack.gz"
"indexpack","index.pack.gz","C:\Users\dell\ai-bot-builder\.next\cache\webpack\client-development-fallback\index.pack.gz"
"indexpack","index.pack.old","C:\Users\dell\ai-bot-builder\.next\cache\webpack\client-production\index.pack.old"
"indexpack","index.pack.gz","C:\Users\dell\ai-bot-builder\.next\cache\webpack\edge-server-development\index.pack.gz"
"indexpack","index.pack.old","C:\Users\dell\ai-bot-builder\.next\cache\webpack\edge-server-production\index.pack.old"
"indexpack","index.pack.gz","C:\Users\dell\ai-bot-builder\.next\cache\webpack\server-development\index.pack.gz"
"indexpack","index.pack.old","C:\Users\dell\ai-bot-builder\.next\cache\webpack\server-production\index.pack.old"
"indexpackgz","index.pack.gz.old","C:\Users\dell\ai-bot-builder\.next\cache\webpack\client-development\index.pack.gz.old"
"indexpackgz","index.pack.gz.old","C:\Users\dell\ai-bot-builder\.next\cache\webpack\client-development-fallback\index.pack.gz.old"
"indexpackgz","index.pack.gz.old","C:\Users\dell\ai-bot-builder\.next\cache\webpack\edge-server-development\index.pack.gz.old"
"indexpackgz","index.pack.gz.old","C:\Users\dell\ai-bot-builder\.next\cache\webpack\server-development\index.pack.gz.old"
"0","0.pack","C:\Users\dell\ai-bot-builder\.next\cache\webpack\client-production\0.pack"
"0","0.pack","C:\Users\dell\ai-bot-builder\.next\cache\webpack\edge-server-production\0.pack"
"0","0.pack","C:\Users\dell\ai-bot-builder\.next\cache\webpack\server-production\0.pack"
"1","1.pack","C:\Users\dell\ai-bot-builder\.next\cache\webpack\client-production\1.pack"
"1","1.pack","C:\Users\dell\ai-bot-builder\.next\cache\webpack\edge-server-production\1.pack"
"1","1.pack","C:\Users\dell\ai-bot-builder\.next\cache\webpack\server-production\1.pack"
"2","2.pack","C:\Users\dell\ai-bot-builder\.next\cache\webpack\client-production\2.pack"
"2","2.pack","C:\Users\dell\ai-bot-builder\.next\cache\webpack\edge-server-production\2.pack"
"2","2.pack","C:\Users\dell\ai-bot-builder\.next\cache\webpack\server-production\2.pack"
"3","3.pack","C:\Users\dell\ai-bot-builder\.next\cache\webpack\client-production\3.pack"
"3","3.pack","C:\Users\dell\ai-bot-builder\.next\cache\webpack\edge-server-production\3.pack"
"3","3.pack","C:\Users\dell\ai-bot-builder\.next\cache\webpack\server-production\3.pack"
"4","4.pack","C:\Users\dell\ai-bot-builder\.next\cache\webpack\client-production\4.pack"
"4","4.pack","C:\Users\dell\ai-bot-builder\.next\cache\webpack\server-production\4.pack"
"5","5.pack","C:\Users\dell\ai-bot-builder\.next\cache\webpack\client-production\5.pack"
"5","5.pack","C:\Users\dell\ai-bot-builder\.next\cache\webpack\server-production\5.pack"
"index","index.pack","C:\Users\dell\ai-bot-builder\.next\cache\webpack\client-production\index.pack"
"index","index.pack","C:\Users\dell\ai-bot-builder\.next\cache\webpack\edge-server-production\index.pack"
"index","index.pack","C:\Users\dell\ai-bot-builder\.next\cache\webpack\server-production\index.pack"
"index","index.ts","C:\Users\dell\ai-bot-builder\src\lib\chat\index.ts"
"index","index.ts","C:\Users\dell\ai-bot-builder\src\lib\supabase\index.ts"
"index","index.ts","C:\Users\dell\ai-bot-builder\supabase\functions\send-welcome-email\index.ts"
"middleware","middleware.js","C:\Users\dell\ai-bot-builder\.next\server\middleware.js"
"middleware","middleware.ts","C:\Users\dell\ai-bot-builder\src\middleware.ts"
"nextfontmanifest","next-font-manifest.js","C:\Users\dell\ai-bot-builder\.next\server\next-font-manifest.js"
"nextfontmanifest","next-font-manifest.json","C:\Users\dell\ai-bot-builder\.next\server\next-font-manifest.json"
"serverreferencemanifest","server-reference-manifest.js","C:\Users\dell\ai-bot-builder\.next\server\server-reference-manifest.js"
"serverreferencemanifest","server-reference-manifest.json","C:\Users\dell\ai-bot-builder\.next\server\server-reference-manifest.json"
"page","page.js","C:\Users\dell\ai-bot-builder\.next\server\app\page.js"
"page","page.js","C:\Users\dell\ai-bot-builder\.next\server\app\auth\callback\page.js"
"page","page.js","C:\Users\dell\ai-bot-builder\.next\server\app\book\page.js"
"page","page.js","C:\Users\dell\ai-bot-builder\.next\server\app\dashboard\page.js"
"page","page.js","C:\Users\dell\ai-bot-builder\.next\server\app\dashboard\bots\[botId]\test\page.js"
"page","page.js","C:\Users\dell\ai-bot-builder\.next\server\app\login\page.js"
"page","page.js","C:\Users\dell\ai-bot-builder\.next\static\chunks\app\page.js"
"page","page.js","C:\Users\dell\ai-bot-builder\.next\static\chunks\app\auth\callback\page.js"
"page","page.js","C:\Users\dell\ai-bot-builder\.next\static\chunks\app\book\page.js"
"page","page.js","C:\Users\dell\ai-bot-builder\.next\static\chunks\app\dashboard\page.js"
"page","page.js","C:\Users\dell\ai-bot-builder\.next\static\chunks\app\dashboard\bots\[botId]\test\page.js"
"page","page.js","C:\Users\dell\ai-bot-builder\.next\static\chunks\app\login\page.js"
"page","page.css","C:\Users\dell\ai-bot-builder\.next\static\css\app\book\page.css"
"page","page.css","C:\Users\dell\ai-bot-builder\.next\static\css\app\dashboard\page.css"
"page","page.ts","C:\Users\dell\ai-bot-builder\.next\types\app\page.ts"
"page","page.ts","C:\Users\dell\ai-bot-builder\.next\types\app\auth\callback\page.ts"
"page","page.ts","C:\Users\dell\ai-bot-builder\.next\types\app\book\page.ts"
"page","page.ts","C:\Users\dell\ai-bot-builder\.next\types\app\dashboard\page.ts"
"page","page.ts","C:\Users\dell\ai-bot-builder\.next\types\app\dashboard\bots\[botId]\test\page.ts"
"page","page.ts","C:\Users\dell\ai-bot-builder\.next\types\app\login\page.ts"
"page","page.tsx","C:\Users\dell\ai-bot-builder\src\app\page.tsx"
"page","page.tsx","C:\Users\dell\ai-bot-builder\src\app\about\page.tsx"
"page","page.tsx","C:\Users\dell\ai-bot-builder\src\app\auth\callback\page.tsx"
"page","page.tsx","C:\Users\dell\ai-bot-builder\src\app\book\page.tsx"
"page","page.tsx","C:\Users\dell\ai-bot-builder\src\app\booking\cancel\page.tsx"
"page","page.tsx","C:\Users\dell\ai-bot-builder\src\app\bot\[id]\page.tsx"
"page","page.tsx","C:\Users\dell\ai-bot-builder\src\app\contact\page.tsx"
"page","page.tsx","C:\Users\dell\ai-bot-builder\src\app\cookies\page.tsx"
"page","page.tsx","C:\Users\dell\ai-bot-builder\src\app\dashboard\page.tsx"
"page","page.tsx","C:\Users\dell\ai-bot-builder\src\app\dashboard\admin\page.tsx"
"page","page.tsx","C:\Users\dell\ai-bot-builder\src\app\dashboard\admin\user\[id]\page.tsx"
"page","page.tsx","C:\Users\dell\ai-bot-builder\src\app\dashboard\appointments\page.tsx"
"page","page.tsx","C:\Users\dell\ai-bot-builder\src\app\dashboard\appointments\[botId]\page.tsx"
"page","page.tsx","C:\Users\dell\ai-bot-builder\src\app\dashboard\bot\[id]\page.tsx"
"page","page.tsx","C:\Users\dell\ai-bot-builder\src\app\dashboard\bots\page.tsx"
"page","page.tsx","C:\Users\dell\ai-bot-builder\src\app\dashboard\bots\[botId]\hours\page.tsx"
"page","page.tsx","C:\Users\dell\ai-bot-builder\src\app\dashboard\bots\[botId]\test\page.tsx"
"page","page.tsx","C:\Users\dell\ai-bot-builder\src\app\dashboard\calendar\page.tsx"
"page","page.tsx","C:\Users\dell\ai-bot-builder\src\app\dashboard\calendar\[botId]\page.tsx"
"page","page.tsx","C:\Users\dell\ai-bot-builder\src\app\dashboard\conversations\page.tsx"
"page","page.tsx","C:\Users\dell\ai-bot-builder\src\app\dashboard\create\page.tsx"
"page","page.tsx","C:\Users\dell\ai-bot-builder\src\app\dashboard\integrations\page.tsx"
"page","page.tsx","C:\Users\dell\ai-bot-builder\src\app\dashboard\integrations\airtable\page.tsx"
"page","page.tsx","C:\Users\dell\ai-bot-builder\src\app\dashboard\integrations\airtable\[botId]\page.tsx"
"page","page.tsx","C:\Users\dell\ai-bot-builder\src\app\dashboard\integrations\make\page.tsx"
"page","page.tsx","C:\Users\dell\ai-bot-builder\src\app\dashboard\integrations\make\[botId]\page.tsx"
"page","page.tsx","C:\Users\dell\ai-bot-builder\src\app\dashboard\integrations\zapier\page.tsx"
"page","page.tsx","C:\Users\dell\ai-bot-builder\src\app\dashboard\integrations\zapier\[botId]\page.tsx"
"page","page.tsx","C:\Users\dell\ai-bot-builder\src\app\dashboard\leads\page.tsx"
"page","page.tsx","C:\Users\dell\ai-bot-builder\src\app\dashboard\leads\[botId]\page.tsx"
"page","page.tsx","C:\Users\dell\ai-bot-builder\src\app\dashboard\settings\page.tsx"
"page","page.tsx","C:\Users\dell\ai-bot-builder\src\app\dashboard\settings\airtable\page.tsx"
"page","page.tsx","C:\Users\dell\ai-bot-builder\src\app\dashboard\settings\[botId]\page.tsx"
"page","page.tsx","C:\Users\dell\ai-bot-builder\src\app\dashboard\summary\page.tsx"
"page","page.tsx","C:\Users\dell\ai-bot-builder\src\app\dashboard\upload\page.tsx"
"page","page.tsx","C:\Users\dell\ai-bot-builder\src\app\dashboard\upload\[botId]\page.tsx"
"page","page.tsx","C:\Users\dell\ai-bot-builder\src\app\embed\bot\page.tsx"
"page","page.tsx","C:\Users\dell\ai-bot-builder\src\app\login\page.tsx"
"page","page.tsx","C:\Users\dell\ai-bot-builder\src\app\pricing\page.tsx"
"page","page.tsx","C:\Users\dell\ai-bot-builder\src\app\privacy\page.tsx"
"page","page.tsx","C:\Users\dell\ai-bot-builder\src\app\refunds\page.tsx"
"page","page.tsx","C:\Users\dell\ai-bot-builder\src\app\terms\page.tsx"
"pageclientreferencemanifest","page_client-reference-manifest.js","C:\Users\dell\ai-bot-builder\.next\server\app\page_client-reference-manifest.js"
"pageclientreferencemanifest","page_client-reference-manifest.js","C:\Users\dell\ai-bot-builder\.next\server\app\auth\callback\page_client-reference-manifest.js"
"pageclientreferencemanifest","page_client-reference-manifest.js","C:\Users\dell\ai-bot-builder\.next\server\app\book\page_client-reference-manifest.js"
"pageclientreferencemanifest","page_client-reference-manifest.js","C:\Users\dell\ai-bot-builder\.next\server\app\dashboard\page_client-reference-manifest.js"
"pageclientreferencemanifest","page_client-reference-manifest.js","C:\Users\dell\ai-bot-builder\.next\server\app\dashboard\bots\[botId]\test\page_client-reference-manifest.js"
"pageclientreferencemanifest","page_client-reference-manifest.js","C:\Users\dell\ai-bot-builder\.next\server\app\login\page_client-reference-manifest.js"
"route","route.js","C:\Users\dell\ai-bot-builder\.next\server\app\api\appointments\summary\route.js"
"route","route.js","C:\Users\dell\ai-bot-builder\.next\server\app\api\availability\route.js"
"route","route.js","C:\Users\dell\ai-bot-builder\.next\server\app\api\chat\route.js"
"route","route.js","C:\Users\dell\ai-bot-builder\.next\server\app\api\users\insert\route.js"
"route","route.js","C:\Users\dell\ai-bot-builder\.next\static\chunks\app\api\appointments\summary\route.js"
"route","route.js","C:\Users\dell\ai-bot-builder\.next\static\chunks\app\api\availability\route.js"
"route","route.js","C:\Users\dell\ai-bot-builder\.next\static\chunks\app\api\chat\route.js"
"route","route.js","C:\Users\dell\ai-bot-builder\.next\static\chunks\app\api\users\insert\route.js"
"route","route.ts","C:\Users\dell\ai-bot-builder\.next\types\app\api\appointments\summary\route.ts"
"route","route.ts","C:\Users\dell\ai-bot-builder\.next\types\app\api\availability\route.ts"
"route","route.ts","C:\Users\dell\ai-bot-builder\.next\types\app\api\chat\route.ts"
"route","route.ts","C:\Users\dell\ai-bot-builder\.next\types\app\api\users\insert\route.ts"
"route","route.ts","C:\Users\dell\ai-bot-builder\src\app\api\route.ts"
"route","route.ts","C:\Users\dell\ai-bot-builder\src\app\api\admin\bots\route.ts"
"route","route.ts","C:\Users\dell\ai-bot-builder\src\app\api\admin\conversations\route.ts"
"route","route.ts","C:\Users\dell\ai-bot-builder\src\app\api\admin\delete-bot\route.ts"
"route","route.ts","C:\Users\dell\ai-bot-builder\src\app\api\admin\update-bot\route.ts"
"route","route.ts","C:\Users\dell\ai-bot-builder\src\app\api\admin\update-bot-note\route.ts"
"route","route.ts","C:\Users\dell\ai-bot-builder\src\app\api\admin\user-bots\route.ts"
"route","route.ts","C:\Users\dell\ai-bot-builder\src\app\api\admin\users\route.ts"
"route","route.ts","C:\Users\dell\ai-bot-builder\src\app\api\appointments\route.ts"
"route","route.ts","C:\Users\dell\ai-bot-builder\src\app\api\appointments\cancel\route.ts"
"route","route.ts","C:\Users\dell\ai-bot-builder\src\app\api\appointments\cancel-by-email\route.ts"
"route","route.ts","C:\Users\dell\ai-bot-builder\src\app\api\appointments\create\route.ts"
"route","route.ts","C:\Users\dell\ai-bot-builder\src\app\api\appointments\find-upcoming-by-email\route.ts"
"route","route.ts","C:\Users\dell\ai-bot-builder\src\app\api\appointments\summary\route.ts"
"route","route.ts","C:\Users\dell\ai-bot-builder\src\app\api\appointments\webhook\route.ts"
"route","route.ts","C:\Users\dell\ai-bot-builder\src\app\api\auth\callback\google\route.ts"
"route","route.ts","C:\Users\dell\ai-bot-builder\src\app\api\availability\route.ts"
"route","route.ts","C:\Users\dell\ai-bot-builder\src\app\api\book\route.ts"
"route","route.ts","C:\Users\dell\ai-bot-builder\src\app\api\bot\route.ts"
"route","route.ts","C:\Users\dell\ai-bot-builder\src\app\api\bots\route.ts"
"route","route.ts","C:\Users\dell\ai-bot-builder\src\app\api\bots\set-timezone\route.ts"
"route","route.ts","C:\Users\dell\ai-bot-builder\src\app\api\bots\[id]\route.ts"
"route","route.ts","C:\Users\dell\ai-bot-builder\src\app\api\bots\[id]\book\route.ts"
"route","route.ts","C:\Users\dell\ai-bot-builder\src\app\api\bots\[id]\hours\route.ts"
"route","route.ts","C:\Users\dell\ai-bot-builder\src\app\api\bots\[id]\info\route.ts"
"route","route.ts","C:\Users\dell\ai-bot-builder\src\app\api\calendar\disconnect\route.ts"
"route","route.ts","C:\Users\dell\ai-bot-builder\src\app\api\calendar\status\route.ts"
"route","route.ts","C:\Users\dell\ai-bot-builder\src\app\api\cancel-event\route.ts"
"route","route.ts","C:\Users\dell\ai-bot-builder\src\app\api\chat\route.ts"
"route","route.ts","C:\Users\dell\ai-bot-builder\src\app\api\contact\route.ts"
"route","route.ts","C:\Users\dell\ai-bot-builder\src\app\api\conversations\route.ts"
"route","route.ts","C:\Users\dell\ai-bot-builder\src\app\api\create-bot\route.ts"
"route","route.ts","C:\Users\dell\ai-bot-builder\src\app\api\create-event\route.ts"
"route","route.ts","C:\Users\dell\ai-bot-builder\src\app\api\cron\daily-summary\route.ts"
"route","route.ts","C:\Users\dell\ai-bot-builder\src\app\api\debug-user\route.ts"
"route","route.ts","C:\Users\dell\ai-bot-builder\src\app\api\delete-bot\route.ts"
"route","route.ts","C:\Users\dell\ai-bot-builder\src\app\api\embed-chunks\route.ts"
"route","route.ts","C:\Users\dell\ai-bot-builder\src\app\api\get-files\route.ts"
"route","route.ts","C:\Users\dell\ai-bot-builder\src\app\api\integrations\route.ts"
"route","route.ts","C:\Users\dell\ai-bot-builder\src\app\api\integrations\airtable\route.ts"
"route","route.ts","C:\Users\dell\ai-bot-builder\src\app\api\integrations\calendar\route.ts"
"route","route.ts","C:\Users\dell\ai-bot-builder\src\app\api\integrations\calendly\callback\route.ts"
"route","route.ts","C:\Users\dell\ai-bot-builder\src\app\api\integrations\calendly\start\route.ts"
"route","route.ts","C:\Users\dell\ai-bot-builder\src\app\api\integrations\calendly\sync\route.ts"
"route","route.ts","C:\Users\dell\ai-bot-builder\src\app\api\integrations\calendly\sync-all\route.ts"
"route","route.ts","C:\Users\dell\ai-bot-builder\src\app\api\integrations\google\callback\route.ts"
"route","route.ts","C:\Users\dell\ai-bot-builder\src\app\api\integrations\google\start\route.ts"
"route","route.ts","C:\Users\dell\ai-bot-builder\src\app\api\integrations\make\route.ts"
"route","route.ts","C:\Users\dell\ai-bot-builder\src\app\api\integrations\zapier\route.ts"
"route","route.ts","C:\Users\dell\ai-bot-builder\src\app\api\integrations\zapier\test\route.ts"
"route","route.ts","C:\Users\dell\ai-bot-builder\src\app\api\lead\route.ts"
"route","route.ts","C:\Users\dell\ai-bot-builder\src\app\api\leads\route.ts"
"route","route.ts","C:\Users\dell\ai-bot-builder\src\app\api\login\route.ts"
"route","route.ts","C:\Users\dell\ai-bot-builder\src\app\api\notify-client\route.ts"
"route","route.ts","C:\Users\dell\ai-bot-builder\src\app\api\oauth-user\route.ts"
"route","route.ts","C:\Users\dell\ai-bot-builder\src\app\api\reschedule-event\route.ts"
"route","route.ts","C:\Users\dell\ai-bot-builder\src\app\api\scrape-blog\route.ts"
"route","route.ts","C:\Users\dell\ai-bot-builder\src\app\api\signup\route.ts"
"route","route.ts","C:\Users\dell\ai-bot-builder\src\app\api\sync-events\route.ts"
"route","route.ts","C:\Users\dell\ai-bot-builder\src\app\api\update-bot\route.ts"
"route","route.ts","C:\Users\dell\ai-bot-builder\src\app\api\upload-file\route.ts"
"route","route.ts","C:\Users\dell\ai-bot-builder\src\app\api\upload-url-knowledge\route.ts"
"route","route.ts","C:\Users\dell\ai-bot-builder\src\app\api\users\route.ts"
"route","route.ts","C:\Users\dell\ai-bot-builder\src\app\api\users\insert\route.ts"
"route","route.ts","C:\Users\dell\ai-bot-builder\src\app\create-bot\route.ts"
"routeclientreferencemanifest","route_client-reference-manifest.js","C:\Users\dell\ai-bot-builder\.next\server\app\api\appointments\summary\route_client-reference-manifest.js"
"routeclientreferencemanifest","route_client-reference-manifest.js","C:\Users\dell\ai-bot-builder\.next\server\app\api\availability\route_client-reference-manifest.js"
"routeclientreferencemanifest","route_client-reference-manifest.js","C:\Users\dell\ai-bot-builder\.next\server\app\api\chat\route_client-reference-manifest.js"
"routeclientreferencemanifest","route_client-reference-manifest.js","C:\Users\dell\ai-bot-builder\.next\server\app\api\users\insert\route_client-reference-manifest.js"
"633457081244afechotupdate","633457081244afec._.hot-update.json","C:\Users\dell\ai-bot-builder\.next\server\static\webpack\633457081244afec._.hot-update.json"
"633457081244afechotupdate","633457081244afec._.hot-update.json","C:\Users\dell\ai-bot-builder\.next\static\webpack\633457081244afec._.hot-update.json"
"datefns","@date-fns.js","C:\Users\dell\ai-bot-builder\.next\server\vendor-chunks\@date-fns.js"
"datefns","date-fns.js","C:\Users\dell\ai-bot-builder\.next\server\vendor-chunks\date-fns.js"
"next","next.js","C:\Users\dell\ai-bot-builder\.next\server\vendor-chunks\next.js"
"next","next.svg","C:\Users\dell\ai-bot-builder\public\next.svg"
"layout","layout.js","C:\Users\dell\ai-bot-builder\.next\static\chunks\app\layout.js"
"layout","layout.css","C:\Users\dell\ai-bot-builder\.next\static\css\app\layout.css"
"layout","layout.ts","C:\Users\dell\ai-bot-builder\.next\types\app\layout.ts"
"layout","layout.tsx","C:\Users\dell\ai-bot-builder\src\app\layout.tsx"
"layout","layout.tsx","C:\Users\dell\ai-bot-builder\src\app\embed\bot\layout.tsx"
"confirmationmodal","ConfirmationModal.tsx","C:\Users\dell\ai-bot-builder\src\app\dashboard\settings\ConfirmationModal.tsx"
"confirmationmodal","ConfirmationModal.tsx","C:\Users\dell\ai-bot-builder\src\app\dashboard\settings\components\ConfirmationModal.tsx"
"client","client.ts","C:\Users\dell\ai-bot-builder\src\lib\client.ts"
"client","client.ts","C:\Users\dell\ai-bot-builder\src\lib\chat\llm\client.ts"
